{
  "Total" : {
    "transaction" : "Total",
    "sampleCount" : 925197,
    "errorCount" : 0,
    "errorPct" : 0.0,
    "meanResTime" : 269.0044368928897,
    "medianResTime" : 36.0,
    "minResTime" : 3.0,
    "maxResTime" : 11717.0,
    "pct1ResTime" : 466.0,
    "pct2ResTime" : 3382.0,
    "pct3ResTime" : 5099.999699999997,
    "throughput" : 978.5091119461628,
    "receivedKBytesPerSec" : 7633.534121783704,
    "sentKBytesPerSec" : 159.466322806068
  },
  "AuthzUser" : {
    "transaction" : "AuthzUser",
    "sampleCount" : 925197,
    "errorCount" : 0,
    "errorPct" : 0.0,
    "meanResTime" : 269.0044368928897,
    "medianResTime" : 36.0,
    "minResTime" : 3.0,
    "maxResTime" : 11717.0,
    "pct1ResTime" : 466.0,
    "pct2ResTime" : 3382.0,
    "pct3ResTime" : 5099.999699999997,
    "throughput" : 978.5091119461628,
    "receivedKBytesPerSec" : 7633.534121783704,
    "sentKBytesPerSec" : 159.466322806068
  }
}