{
  "Total" : {
    "transaction" : "Total",
    "sampleCount" : 1281861,
    "errorCount" : 0,
    "errorPct" : 0.0,
    "meanResTime" : 561.3773170413978,
    "medianResTime" : 534.0,
    "minResTime" : 29.0,
    "maxResTime" : 2895.0,
    "pct1ResTime" : 619.0,
    "pct2ResTime" : 644.0,
    "pct3ResTime" : 932.0,
    "throughput" : 2134.595690047076,
    "receivedKBytesPerSec" : 633.2763938978829,
    "sentKBytesPerSec" : 329.3614443627324
  },
  "AuthzRequest-rcdn-3" : {
    "transaction" : "AuthzRequest-rcdn-3",
    "sampleCount" : 704341,
    "errorCount" : 0,
    "errorPct" : 0.0,
    "meanResTime" : 510.7446691304309,
    "medianResTime" : 488.0,
    "minResTime" : 29.0,
    "maxResTime" : 1376.0,
    "pct1ResTime" : 569.0,
    "pct2ResTime" : 618.0,
    "pct3ResTime" : 744.9700000000048,
    "throughput" : 1173.1020021352113,
    "receivedKBytesPerSec" : 347.9533456568772,
    "sentKBytesPerSec" : 181.00597298570642
  },
  "AuthzRequest-rcdn-2" : {
    "transaction" : "AuthzRequest-rcdn-2",
    "sampleCount" : 577520,
    "errorCount" : 0,
    "errorPct" : 0.0,
    "meanResTime" : 623.1286847208735,
    "medianResTime" : 585.0,
    "minResTime" : 84.0,
    "maxResTime" : 2895.0,
    "pct1ResTime" : 802.0,
    "pct2ResTime" : 852.0,
    "pct3ResTime" : 886.0,
    "throughput" : 961.9994236532058,
    "receivedKBytesPerSec" : 285.47309563504757,
    "sentKBytesPerSec" : 148.43350482149074
  }
}