{
  "Total" : {
    "transaction" : "Total",
    "sampleCount" : 569571,
    "errorCount" : 0,
    "errorPct" : 0.0,
    "meanResTime" : 303.6365966666124,
    "medianResTime" : 26.0,
    "minResTime" : 3.0,
    "maxResTime" : 5665.0,
    "pct1ResTime" : 315.9900000000016,
    "pct2ResTime" : 473.99500000001717,
    "pct3ResTime" : 581.9955999999511,
    "throughput" : 632.7898721801588,
    "receivedKBytesPerSec" : 140.52518197731905,
    "sentKBytesPerSec" : 103.07858562846144
  },
  "AuthzUser" : {
    "transaction" : "AuthzUser",
    "sampleCount" : 569571,
    "errorCount" : 0,
    "errorPct" : 0.0,
    "meanResTime" : 303.6365966666124,
    "medianResTime" : 26.0,
    "minResTime" : 3.0,
    "maxResTime" : 5665.0,
    "pct1ResTime" : 315.9900000000016,
    "pct2ResTime" : 473.99500000001717,
    "pct3ResTime" : 581.9955999999511,
    "throughput" : 632.7898721801588,
    "receivedKBytesPerSec" : 140.52518197731905,
    "sentKBytesPerSec" : 103.07858562846144
  }
}