{
  "Total" : {
    "transaction" : "Total",
    "sampleCount" : 903334,
    "errorCount" : 0,
    "errorPct" : 0.0,
    "meanResTime" : 361.26254630070736,
    "medianResTime" : 65.0,
    "minResTime" : 4.0,
    "maxResTime" : 3952.0,
    "pct1ResTime" : 100.0,
    "pct2ResTime" : 116.0,
    "pct3ResTime" : 236.0,
    "throughput" : 997.8382641603639,
    "receivedKBytesPerSec" : 7723.2006062139135,
    "sentKBytesPerSec" : 161.63908531034494
  },
  "AuthzUser" : {
    "transaction" : "AuthzUser",
    "sampleCount" : 903334,
    "errorCount" : 0,
    "errorPct" : 0.0,
    "meanResTime" : 361.26254630070736,
    "medianResTime" : 65.0,
    "minResTime" : 4.0,
    "maxResTime" : 3952.0,
    "pct1ResTime" : 100.0,
    "pct2ResTime" : 116.0,
    "pct3ResTime" : 236.0,
    "throughput" : 997.8382641603639,
    "receivedKBytesPerSec" : 7723.2006062139135,
    "sentKBytesPerSec" : 161.63908531034494
  }
}