{
  "user2role-role1" : {
    "transaction" : "user2role-role1",
    "sampleCount" : 2501435,
    "errorCount" : 0,
    "errorPct" : 0.0,
    "meanResTime" : 76.51797348321884,
    "medianResTime" : 31.0,
    "minResTime" : 1.0,
    "maxResTime" : 19318.0,
    "pct1ResTime" : 99.0,
    "pct2ResTime" : 160.0,
    "pct3ResTime" : 271.9900000000016,
    "throughput" : 7954.244812037726,
    "receivedKBytesPerSec" : 937.6924195611457,
    "sentKBytesPerSec" : 2008.4142940096365
  },
  "user2role-role2" : {
    "transaction" : "user2role-role2",
    "sampleCount" : 2481593,
    "errorCount" : 0,
    "errorPct" : 0.0,
    "meanResTime" : 76.73676465076637,
    "medianResTime" : 12.0,
    "minResTime" : 1.0,
    "maxResTime" : 19414.0,
    "pct1ResTime" : 53.0,
    "pct2ResTime" : 83.0,
    "pct3ResTime" : 224.9900000000016,
    "throughput" : 8156.614942660965,
    "receivedKBytesPerSec" : 961.5508467173033,
    "sentKBytesPerSec" : 2059.4836347662476
  },
  "Total" : {
    "transaction" : "Total",
    "sampleCount" : 7824935,
    "errorCount" : 0,
    "errorPct" : 0.0,
    "meanResTime" : 74.7961451437014,
    "medianResTime" : 3.0,
    "minResTime" : 0.0,
    "maxResTime" : 20251.0,
    "pct1ResTime" : 8.0,
    "pct2ResTime" : 12.0,
    "pct3ResTime" : 62.0,
    "throughput" : 22728.338188863167,
    "receivedKBytesPerSec" : 2679.3454715225353,
    "sentKBytesPerSec" : 5739.216444583966
  },
  "user2role-role3" : {
    "transaction" : "user2role-role3",
    "sampleCount" : 2841907,
    "errorCount" : 0,
    "errorPct" : 0.0,
    "meanResTime" : 71.58602269532518,
    "medianResTime" : 3.0,
    "minResTime" : 0.0,
    "maxResTime" : 20251.0,
    "pct1ResTime" : 8.0,
    "pct2ResTime" : 12.0,
    "pct3ResTime" : 62.0,
    "throughput" : 8739.381396378665,
    "receivedKBytesPerSec" : 1030.2443764289985,
    "sentKBytesPerSec" : 2207.1122408053975
  }
}