{
  "Total" : {
    "transaction" : "Total",
    "sampleCount" : 898577,
    "errorCount" : 0,
    "errorPct" : 0.0,
    "meanResTime" : 125.30904307588777,
    "medianResTime" : 27.0,
    "minResTime" : 4.0,
    "maxResTime" : 10611.0,
    "pct1ResTime" : 452.0,
    "pct2ResTime" : 490.0,
    "pct3ResTime" : 492.9998999999989,
    "throughput" : 984.2910316151067,
    "receivedKBytesPerSec" : 7678.239023966282,
    "sentKBytesPerSec" : 160.40517492740312
  },
  "AuthzUser" : {
    "transaction" : "AuthzUser",
    "sampleCount" : 898577,
    "errorCount" : 0,
    "errorPct" : 0.0,
    "meanResTime" : 125.30904307588777,
    "medianResTime" : 27.0,
    "minResTime" : 4.0,
    "maxResTime" : 10611.0,
    "pct1ResTime" : 452.0,
    "pct2ResTime" : 490.0,
    "pct3ResTime" : 492.9998999999989,
    "throughput" : 984.2910316151067,
    "receivedKBytesPerSec" : 7678.239023966282,
    "sentKBytesPerSec" : 160.40517492740312
  }
}