{
  "Total" : {
    "transaction" : "Total",
    "sampleCount" : 14028183,
    "errorCount" : 1,
    "errorPct" : 7.128507E-6,
    "meanResTime" : 192.8533289735123,
    "medianResTime" : 12.0,
    "minResTime" : 1.0,
    "maxResTime" : 60004.0,
    "pct1ResTime" : 28.0,
    "pct2ResTime" : 34.0,
    "pct3ResTime" : 46.9900000000016,
    "throughput" : 22476.451945754718,
    "receivedKBytesPerSec" : 2128.038303102989,
    "sentKBytesPerSec" : 5755.375252677535
  },
  "user2role" : {
    "transaction" : "user2role",
    "sampleCount" : 14028183,
    "errorCount" : 1,
    "errorPct" : 7.128507E-6,
    "meanResTime" : 192.8533289735123,
    "medianResTime" : 12.0,
    "minResTime" : 1.0,
    "maxResTime" : 60004.0,
    "pct1ResTime" : 28.0,
    "pct2ResTime" : 34.0,
    "pct3ResTime" : 46.9900000000016,
    "throughput" : 22476.451945754718,
    "receivedKBytesPerSec" : 2128.038303102989,
    "sentKBytesPerSec" : 5755.375252677535
  }
}