{
  "Total" : {
    "transaction" : "Total",
    "sampleCount" : 8869478,
    "errorCount" : 1,
    "errorPct" : 1.1274621E-5,
    "meanResTime" : 313.9319407522818,
    "medianResTime" : 21.0,
    "minResTime" : 1.0,
    "maxResTime" : 12285.0,
    "pct1ResTime" : 50.0,
    "pct2ResTime" : 61.0,
    "pct3ResTime" : 83.0,
    "throughput" : 14533.742552452364,
    "receivedKBytesPerSec" : 1713.3614686626408,
    "sentKBytesPerSec" : 3787.781390204795
  },
  "user2role" : {
    "transaction" : "user2role",
    "sampleCount" : 8869478,
    "errorCount" : 1,
    "errorPct" : 1.1274621E-5,
    "meanResTime" : 313.9319407522818,
    "medianResTime" : 21.0,
    "minResTime" : 1.0,
    "maxResTime" : 12285.0,
    "pct1ResTime" : 50.0,
    "pct2ResTime" : 61.0,
    "pct3ResTime" : 83.0,
    "throughput" : 14533.742552452364,
    "receivedKBytesPerSec" : 1713.3614686626408,
    "sentKBytesPerSec" : 3787.781390204795
  }
}