{
  "Total" : {
    "transaction" : "Total",
    "sampleCount" : 5839137,
    "errorCount" : 0,
    "errorPct" : 0.0,
    "meanResTime" : 14.948832849785802,
    "medianResTime" : 8.0,
    "minResTime" : 1.0,
    "maxResTime" : 971.0,
    "pct1ResTime" : 18.0,
    "pct2ResTime" : 21.0,
    "pct3ResTime" : 40.0,
    "throughput" : 19420.353143469107,
    "receivedKBytesPerSec" : 2289.3023638950463,
    "sentKBytesPerSec" : 4908.375048407354
  },
  "user2role" : {
    "transaction" : "user2role",
    "sampleCount" : 5839137,
    "errorCount" : 0,
    "errorPct" : 0.0,
    "meanResTime" : 14.948832849785802,
    "medianResTime" : 8.0,
    "minResTime" : 1.0,
    "maxResTime" : 971.0,
    "pct1ResTime" : 18.0,
    "pct2ResTime" : 21.0,
    "pct3ResTime" : 40.0,
    "throughput" : 19420.353143469107,
    "receivedKBytesPerSec" : 2289.3023638950463,
    "sentKBytesPerSec" : 4908.375048407354
  }
}