{
  "Total" : {
    "transaction" : "Total",
    "sampleCount" : 663790,
    "errorCount" : 0,
    "errorPct" : 0.0,
    "meanResTime" : 271.01716054776966,
    "medianResTime" : 271.0,
    "minResTime" : 107.0,
    "maxResTime" : 1236.0,
    "pct1ResTime" : 301.0,
    "pct2ResTime" : 309.0,
    "pct3ResTime" : 322.0,
    "throughput" : 1105.9332764641592,
    "receivedKBytesPerSec" : 8577.151554908882,
    "sentKBytesPerSec" : 170.6420485169308
  },
  "AuthzRequest-rcdn-2" : {
    "transaction" : "AuthzRequest-rcdn-2",
    "sampleCount" : 663790,
    "errorCount" : 0,
    "errorPct" : 0.0,
    "meanResTime" : 271.01716054776966,
    "medianResTime" : 271.0,
    "minResTime" : 107.0,
    "maxResTime" : 1236.0,
    "pct1ResTime" : 301.0,
    "pct2ResTime" : 309.0,
    "pct3ResTime" : 322.0,
    "throughput" : 1105.9332764641592,
    "receivedKBytesPerSec" : 8577.151554908882,
    "sentKBytesPerSec" : 170.6420485169308
  }
}