{
  "Total" : {
    "transaction" : "Total",
    "sampleCount" : 805498,
    "errorCount" : 0,
    "errorPct" : 0.0,
    "meanResTime" : 223.3305284432739,
    "medianResTime" : 218.0,
    "minResTime" : 108.0,
    "maxResTime" : 1303.0,
    "pct1ResTime" : 247.0,
    "pct2ResTime" : 255.0,
    "pct3ResTime" : 276.0,
    "throughput" : 1342.1298178497877,
    "receivedKBytesPerSec" : 398.07672621566775,
    "sentKBytesPerSec" : 207.08643673854147
  },
  "AuthzRequest-rcdn-2" : {
    "transaction" : "AuthzRequest-rcdn-2",
    "sampleCount" : 805498,
    "errorCount" : 0,
    "errorPct" : 0.0,
    "meanResTime" : 223.3305284432739,
    "medianResTime" : 218.0,
    "minResTime" : 108.0,
    "maxResTime" : 1303.0,
    "pct1ResTime" : 247.0,
    "pct2ResTime" : 255.0,
    "pct3ResTime" : 276.0,
    "throughput" : 1342.1298178497877,
    "receivedKBytesPerSec" : 398.07672621566775,
    "sentKBytesPerSec" : 207.08643673854147
  }
}