{
  "Total" : {
    "transaction" : "Total",
    "sampleCount" : 4807900,
    "errorCount" : 0,
    "errorPct" : 0.0,
    "meanResTime" : 591.423285426034,
    "medianResTime" : 217.0,
    "minResTime" : 1.0,
    "maxResTime" : 6741.0,
    "pct1ResTime" : 406.0,
    "pct2ResTime" : 482.0,
    "pct3ResTime" : 601.0,
    "throughput" : 7938.426382277524,
    "receivedKBytesPerSec" : 581.4277135457171,
    "sentKBytesPerSec" : 2068.0910903530757
  },
  "user2role" : {
    "transaction" : "user2role",
    "sampleCount" : 4807900,
    "errorCount" : 0,
    "errorPct" : 0.0,
    "meanResTime" : 591.423285426034,
    "medianResTime" : 217.0,
    "minResTime" : 1.0,
    "maxResTime" : 6741.0,
    "pct1ResTime" : 406.0,
    "pct2ResTime" : 482.0,
    "pct3ResTime" : 601.0,
    "throughput" : 7938.426382277524,
    "receivedKBytesPerSec" : 581.4277135457171,
    "sentKBytesPerSec" : 2068.0910903530757
  }
}