{
  "Total" : {
    "transaction" : "Total",
    "sampleCount" : 5981834,
    "errorCount" : 1736,
    "errorPct" : 0.0290212,
    "meanResTime" : 214.9014230418279,
    "medianResTime" : 19.0,
    "minResTime" : 1.0,
    "maxResTime" : 185473.0,
    "pct1ResTime" : 25.0,
    "pct2ResTime" : 29.0,
    "pct3ResTime" : 129257.92000000001,
    "throughput" : 11409.464663438155,
    "receivedKBytesPerSec" : 1353.8530736147377,
    "sentKBytesPerSec" : 2882.885243882406
  },
  "user2role" : {
    "transaction" : "user2role",
    "sampleCount" : 5981834,
    "errorCount" : 1736,
    "errorPct" : 0.0290212,
    "meanResTime" : 214.9014230418279,
    "medianResTime" : 19.0,
    "minResTime" : 1.0,
    "maxResTime" : 185473.0,
    "pct1ResTime" : 25.0,
    "pct2ResTime" : 29.0,
    "pct3ResTime" : 129257.92000000001,
    "throughput" : 11409.464663438155,
    "receivedKBytesPerSec" : 1353.8530736147377,
    "sentKBytesPerSec" : 2882.885243882406
  }
}