{
  "Total" : {
    "transaction" : "Total",
    "sampleCount" : 933808,
    "errorCount" : 0,
    "errorPct" : 0.0,
    "meanResTime" : 2280.6813574097305,
    "medianResTime" : 255.0,
    "minResTime" : 4.0,
    "maxResTime" : 12474.0,
    "pct1ResTime" : 4330.0,
    "pct2ResTime" : 4845.0,
    "pct3ResTime" : 5355.0,
    "throughput" : 1015.9009216790398,
    "receivedKBytesPerSec" : 7862.310348042085,
    "sentKBytesPerSec" : 164.45098444816207
  },
  "AuthzUser" : {
    "transaction" : "AuthzUser",
    "sampleCount" : 933808,
    "errorCount" : 0,
    "errorPct" : 0.0,
    "meanResTime" : 2280.6813574097305,
    "medianResTime" : 255.0,
    "minResTime" : 4.0,
    "maxResTime" : 12474.0,
    "pct1ResTime" : 4330.0,
    "pct2ResTime" : 4845.0,
    "pct3ResTime" : 5355.0,
    "throughput" : 1015.9009216790398,
    "receivedKBytesPerSec" : 7862.310348042085,
    "sentKBytesPerSec" : 164.45098444816207
  }
}