{
  "user2role-role1" : {
    "transaction" : "user2role-role1",
    "sampleCount" : 4480254,
    "errorCount" : 0,
    "errorPct" : 0.0,
    "meanResTime" : 164.11764957968467,
    "medianResTime" : 48.0,
    "minResTime" : 0.0,
    "maxResTime" : 8454.0,
    "pct1ResTime" : 147.0,
    "pct2ResTime" : 8269.0,
    "pct3ResTime" : 8415.990000000002,
    "throughput" : 7196.096981183595,
    "receivedKBytesPerSec" : 850.2547788264241,
    "sentKBytesPerSec" : 1818.3637543517455
  },
  "user2role-role2" : {
    "transaction" : "user2role-role2",
    "sampleCount" : 5285017,
    "errorCount" : 0,
    "errorPct" : 0.0,
    "meanResTime" : 93.91819004556208,
    "medianResTime" : 2.0,
    "minResTime" : 0.0,
    "maxResTime" : 15240.0,
    "pct1ResTime" : 9.0,
    "pct2ResTime" : 42.0,
    "pct3ResTime" : 4209.0,
    "throughput" : 8196.493431970099,
    "receivedKBytesPerSec" : 968.338936235538,
    "sentKBytesPerSec" : 2071.4537070087745
  },
  "Total" : {
    "transaction" : "Total",
    "sampleCount" : 14869949,
    "errorCount" : 0,
    "errorPct" : 0.0,
    "meanResTime" : 137.83280561352504,
    "medianResTime" : 20.0,
    "minResTime" : 0.0,
    "maxResTime" : 15340.0,
    "pct1ResTime" : 38.0,
    "pct2ResTime" : 43.0,
    "pct3ResTime" : 166.0,
    "throughput" : 20440.21388757157,
    "receivedKBytesPerSec" : 2414.874267703973,
    "sentKBytesPerSec" : 5165.462334221238
  },
  "user2role-role3" : {
    "transaction" : "user2role-role3",
    "sampleCount" : 5104678,
    "errorCount" : 0,
    "errorPct" : 0.0,
    "meanResTime" : 160.22926480378422,
    "medianResTime" : 20.0,
    "minResTime" : 0.0,
    "maxResTime" : 15340.0,
    "pct1ResTime" : 38.0,
    "pct2ResTime" : 43.0,
    "pct3ResTime" : 166.0,
    "throughput" : 7717.032360668922,
    "receivedKBytesPerSec" : 911.6577169475133,
    "sentKBytesPerSec" : 1950.2262326535342
  }
}