{
  "Total" : {
    "transaction" : "Total",
    "sampleCount" : 5290095,
    "errorCount" : 0,
    "errorPct" : 0.0,
    "meanResTime" : 1692.1861172625795,
    "medianResTime" : 11.0,
    "minResTime" : 4.0,
    "maxResTime" : 10783.0,
    "pct1ResTime" : 98.0,
    "pct2ResTime" : 148.0,
    "pct3ResTime" : 286.0,
    "throughput" : 5672.2637716123845,
    "receivedKBytesPerSec" : 537.3103733162445,
    "sentKBytesPerSec" : 1448.9749635605147
  },
  "user2role" : {
    "transaction" : "user2role",
    "sampleCount" : 5290095,
    "errorCount" : 0,
    "errorPct" : 0.0,
    "meanResTime" : 1692.1861172625795,
    "medianResTime" : 11.0,
    "minResTime" : 4.0,
    "maxResTime" : 10783.0,
    "pct1ResTime" : 98.0,
    "pct2ResTime" : 148.0,
    "pct3ResTime" : 286.0,
    "throughput" : 5672.2637716123845,
    "receivedKBytesPerSec" : 537.3103733162445,
    "sentKBytesPerSec" : 1448.9749635605147
  }
}