{
  "Total" : {
    "transaction" : "Total",
    "sampleCount" : 5864453,
    "errorCount" : 44,
    "errorPct" : 7.502831E-4,
    "meanResTime" : 623.3173230307599,
    "medianResTime" : 15.0,
    "minResTime" : 1.0,
    "maxResTime" : 213233.0,
    "pct1ResTime" : 29.0,
    "pct2ResTime" : 33.0,
    "pct3ResTime" : 261.0,
    "throughput" : 8503.754906609476,
    "receivedKBytesPerSec" : 1004.6596193743466,
    "sentKBytesPerSec" : 2215.6976401827574
  },
  "user2role" : {
    "transaction" : "user2role",
    "sampleCount" : 5864453,
    "errorCount" : 44,
    "errorPct" : 7.502831E-4,
    "meanResTime" : 623.3173230307599,
    "medianResTime" : 15.0,
    "minResTime" : 1.0,
    "maxResTime" : 213233.0,
    "pct1ResTime" : 29.0,
    "pct2ResTime" : 33.0,
    "pct3ResTime" : 261.0,
    "throughput" : 8503.754906609476,
    "receivedKBytesPerSec" : 1004.6596193743466,
    "sentKBytesPerSec" : 2215.6976401827574
  }
}