{
  "Total" : {
    "transaction" : "Total",
    "sampleCount" : 3926612,
    "errorCount" : 0,
    "errorPct" : 0.0,
    "meanResTime" : 45.081947490610325,
    "medianResTime" : 4.0,
    "minResTime" : 1.0,
    "maxResTime" : 1137.0,
    "pct1ResTime" : 10.0,
    "pct2ResTime" : 16.0,
    "pct3ResTime" : 75.0,
    "throughput" : 12988.779655186101,
    "receivedKBytesPerSec" : 1531.1568106864522,
    "sentKBytesPerSec" : 3281.6587175785953
  },
  "user2role" : {
    "transaction" : "user2role",
    "sampleCount" : 3926612,
    "errorCount" : 0,
    "errorPct" : 0.0,
    "meanResTime" : 45.081947490610325,
    "medianResTime" : 4.0,
    "minResTime" : 1.0,
    "maxResTime" : 1137.0,
    "pct1ResTime" : 10.0,
    "pct2ResTime" : 16.0,
    "pct3ResTime" : 75.0,
    "throughput" : 12988.779655186101,
    "receivedKBytesPerSec" : 1531.1568106864522,
    "sentKBytesPerSec" : 3281.6587175785953
  }
}