{
  "Total" : {
    "transaction" : "Total",
    "sampleCount" : 4691491,
    "errorCount" : 7,
    "errorPct" : 1.492063E-4,
    "meanResTime" : 793.3026615631874,
    "medianResTime" : 6.0,
    "minResTime" : 1.0,
    "maxResTime" : 115733.0,
    "pct1ResTime" : 11.0,
    "pct2ResTime" : 18.0,
    "pct3ResTime" : 26.0,
    "throughput" : 6827.134838900264,
    "receivedKBytesPerSec" : 806.6973727567839,
    "sentKBytesPerSec" : 1778.5404168290142
  },
  "user2role" : {
    "transaction" : "user2role",
    "sampleCount" : 4691491,
    "errorCount" : 7,
    "errorPct" : 1.492063E-4,
    "meanResTime" : 793.3026615631874,
    "medianResTime" : 6.0,
    "minResTime" : 1.0,
    "maxResTime" : 115733.0,
    "pct1ResTime" : 11.0,
    "pct2ResTime" : 18.0,
    "pct3ResTime" : 26.0,
    "throughput" : 6827.134838900264,
    "receivedKBytesPerSec" : 806.6973727567839,
    "sentKBytesPerSec" : 1778.5404168290142
  }
}