{
  "user2role-role1" : {
    "transaction" : "user2role-role1",
    "sampleCount" : 2388368,
    "errorCount" : 0,
    "errorPct" : 0.0,
    "meanResTime" : 84.9138667073105,
    "medianResTime" : 27.0,
    "minResTime" : 1.0,
    "maxResTime" : 34233.0,
    "pct1ResTime" : 118.0,
    "pct2ResTime" : 175.0,
    "pct3ResTime" : 364.0,
    "throughput" : 7743.203856740381,
    "receivedKBytesPerSec" : 912.8149763674959,
    "sentKBytesPerSec" : 1954.968306953869
  },
  "user2role-role2" : {
    "transaction" : "user2role-role2",
    "sampleCount" : 2345413,
    "errorCount" : 0,
    "errorPct" : 0.0,
    "meanResTime" : 86.12799536797716,
    "medianResTime" : 38.0,
    "minResTime" : 1.0,
    "maxResTime" : 74425.0,
    "pct1ResTime" : 117.0,
    "pct2ResTime" : 189.0,
    "pct3ResTime" : 320.0,
    "throughput" : 7748.590137071384,
    "receivedKBytesPerSec" : 913.4514568015768,
    "sentKBytesPerSec" : 1956.263738188165
  },
  "Total" : {
    "transaction" : "Total",
    "sampleCount" : 7115807,
    "errorCount" : 0,
    "errorPct" : 0.0,
    "meanResTime" : 85.56554147687868,
    "medianResTime" : 25.0,
    "minResTime" : 0.0,
    "maxResTime" : 74425.0,
    "pct1ResTime" : 49.0,
    "pct2ResTime" : 54.0,
    "pct3ResTime" : 70.0,
    "throughput" : 22798.524271346963,
    "receivedKBytesPerSec" : 2687.6268711182424,
    "sentKBytesPerSec" : 5755.9942371620655
  },
  "user2role-role3" : {
    "transaction" : "user2role-role3",
    "sampleCount" : 2382026,
    "errorCount" : 0,
    "errorPct" : 0.0,
    "meanResTime" : 85.66514261389864,
    "medianResTime" : 25.0,
    "minResTime" : 0.0,
    "maxResTime" : 32191.0,
    "pct1ResTime" : 50.0,
    "pct2ResTime" : 55.0,
    "pct3ResTime" : 73.0,
    "throughput" : 7907.82274984729,
    "receivedKBytesPerSec" : 932.22082938071,
    "sentKBytesPerSec" : 1996.520958810968
  }
}