{
  "user2role-role1" : {
    "transaction" : "user2role-role1",
    "sampleCount" : 5888954,
    "errorCount" : 4,
    "errorPct" : 6.792378E-5,
    "meanResTime" : 301.64879416621335,
    "medianResTime" : 3.0,
    "minResTime" : 0.0,
    "maxResTime" : 77267.0,
    "pct1ResTime" : 19.0,
    "pct2ResTime" : 32.0,
    "pct3ResTime" : 150.9900000000016,
    "throughput" : 9242.576767034709,
    "receivedKBytesPerSec" : 1091.5010577415426,
    "sentKBytesPerSec" : 2336.019072944378
  },
  "user2role-role2" : {
    "transaction" : "user2role-role2",
    "sampleCount" : 6494424,
    "errorCount" : 4,
    "errorPct" : 6.1591294E-5,
    "meanResTime" : 196.5353617195218,
    "medianResTime" : 10.0,
    "minResTime" : 0.0,
    "maxResTime" : 71559.0,
    "pct1ResTime" : 35.0,
    "pct2ResTime" : 39.0,
    "pct3ResTime" : 84.0,
    "throughput" : 9974.21984546651,
    "receivedKBytesPerSec" : 1177.7884914055912,
    "sentKBytesPerSec" : 2521.1098556374313
  },
  "Total" : {
    "transaction" : "Total",
    "sampleCount" : 19336001,
    "errorCount" : 12,
    "errorPct" : 6.2060404E-5,
    "meanResTime" : 230.82134651312873,
    "medianResTime" : 12.0,
    "minResTime" : 0.0,
    "maxResTime" : 82528.0,
    "pct1ResTime" : 15.0,
    "pct2ResTime" : 17.0,
    "pct3ResTime" : 19.0,
    "throughput" : 26652.222695463635,
    "receivedKBytesPerSec" : 3147.1798368919476,
    "sentKBytesPerSec" : 6736.651494817575
  },
  "user2role-role3" : {
    "transaction" : "user2role-role3",
    "sampleCount" : 6952623,
    "errorCount" : 4,
    "errorPct" : 5.7532245E-5,
    "meanResTime" : 202.8560938799692,
    "medianResTime" : 12.0,
    "minResTime" : 0.0,
    "maxResTime" : 82528.0,
    "pct1ResTime" : 15.0,
    "pct2ResTime" : 17.0,
    "pct3ResTime" : 19.0,
    "throughput" : 10854.24732727182,
    "receivedKBytesPerSec" : 1281.5962129821487,
    "sentKBytesPerSec" : 2743.6674142530605
  }
}