{
  "Total" : {
    "transaction" : "Total",
    "sampleCount" : 910229,
    "errorCount" : 0,
    "errorPct" : 0.0,
    "meanResTime" : 692.9007876039872,
    "medianResTime" : 63.0,
    "minResTime" : 5.0,
    "maxResTime" : 7881.0,
    "pct1ResTime" : 665.9900000000016,
    "pct2ResTime" : 1645.0,
    "pct3ResTime" : 2067.957899999532,
    "throughput" : 1001.2892480889537,
    "receivedKBytesPerSec" : 7752.31567016356,
    "sentKBytesPerSec" : 162.19901867574035
  },
  "AuthzUser" : {
    "transaction" : "AuthzUser",
    "sampleCount" : 910229,
    "errorCount" : 0,
    "errorPct" : 0.0,
    "meanResTime" : 692.9007876039872,
    "medianResTime" : 63.0,
    "minResTime" : 5.0,
    "maxResTime" : 7881.0,
    "pct1ResTime" : 665.9900000000016,
    "pct2ResTime" : 1645.0,
    "pct3ResTime" : 2067.957899999532,
    "throughput" : 1001.2892480889537,
    "receivedKBytesPerSec" : 7752.31567016356,
    "sentKBytesPerSec" : 162.19901867574035
  }
}