{
  "user2role-role1" : {
    "transaction" : "user2role-role1",
    "sampleCount" : 2603541,
    "errorCount" : 0,
    "errorPct" : 0.0,
    "meanResTime" : 67.32333425899202,
    "medianResTime" : 35.0,
    "minResTime" : 1.0,
    "maxResTime" : 12473.0,
    "pct1ResTime" : 116.0,
    "pct2ResTime" : 182.0,
    "pct3ResTime" : 313.0,
    "throughput" : 8223.751374025547,
    "receivedKBytesPerSec" : 969.4586083934403,
    "sentKBytesPerSec" : 2076.603500522564
  },
  "user2role-role2" : {
    "transaction" : "user2role-role2",
    "sampleCount" : 2601468,
    "errorCount" : 0,
    "errorPct" : 0.0,
    "meanResTime" : 67.57826542551773,
    "medianResTime" : 24.0,
    "minResTime" : 1.0,
    "maxResTime" : 18168.0,
    "pct1ResTime" : 68.0,
    "pct2ResTime" : 101.0,
    "pct3ResTime" : 201.0,
    "throughput" : 8157.06661816996,
    "receivedKBytesPerSec" : 961.5959161595546,
    "sentKBytesPerSec" : 2059.762028901267
  },
  "Total" : {
    "transaction" : "Total",
    "sampleCount" : 7898562,
    "errorCount" : 0,
    "errorPct" : 0.0,
    "meanResTime" : 66.87220154756734,
    "medianResTime" : 3.0,
    "minResTime" : 0.0,
    "maxResTime" : 18168.0,
    "pct1ResTime" : 6.0,
    "pct2ResTime" : 8.0,
    "pct3ResTime" : 23.0,
    "throughput" : 23090.95692898677,
    "receivedKBytesPerSec" : 2722.0794276885763,
    "sentKBytesPerSec" : 5830.872181029153
  },
  "user2role-role3" : {
    "transaction" : "user2role-role3",
    "sampleCount" : 2693553,
    "errorCount" : 0,
    "errorPct" : 0.0,
    "meanResTime" : 65.7542190556456,
    "medianResTime" : 3.0,
    "minResTime" : 0.0,
    "maxResTime" : 9382.0,
    "pct1ResTime" : 6.0,
    "pct2ResTime" : 8.0,
    "pct3ResTime" : 23.0,
    "throughput" : 8788.674628034454,
    "receivedKBytesPerSec" : 1036.0532517160582,
    "sentKBytesPerSec" : 2219.3763248978316
  }
}