{
  "user2role-role1" : {
    "transaction" : "user2role-role1",
    "sampleCount" : 2571739,
    "errorCount" : 0,
    "errorPct" : 0.0,
    "meanResTime" : 52.8763144315998,
    "medianResTime" : 25.0,
    "minResTime" : 1.0,
    "maxResTime" : 8813.0,
    "pct1ResTime" : 77.0,
    "pct2ResTime" : 105.95000000000073,
    "pct3ResTime" : 249.0,
    "throughput" : 7953.003862484422,
    "receivedKBytesPerSec" : 937.5327124443743,
    "sentKBytesPerSec" : 2008.1952676109884
  },
  "user2role-role2" : {
    "transaction" : "user2role-role2",
    "sampleCount" : 2614447,
    "errorCount" : 0,
    "errorPct" : 0.0,
    "meanResTime" : 52.049516016198325,
    "medianResTime" : 20.0,
    "minResTime" : 1.0,
    "maxResTime" : 7425.0,
    "pct1ResTime" : 54.0,
    "pct2ResTime" : 68.0,
    "pct3ResTime" : 141.0,
    "throughput" : 8258.773841789705,
    "receivedKBytesPerSec" : 973.5768962870303,
    "sentKBytesPerSec" : 2085.461484162268
  },
  "Total" : {
    "transaction" : "Total",
    "sampleCount" : 7816728,
    "errorCount" : 0,
    "errorPct" : 0.0,
    "meanResTime" : 52.315632832566074,
    "medianResTime" : 12.0,
    "minResTime" : 0.0,
    "maxResTime" : 8813.0,
    "pct1ResTime" : 25.0,
    "pct2ResTime" : 39.0,
    "pct3ResTime" : 61.0,
    "throughput" : 22877.73725832226,
    "receivedKBytesPerSec" : 2696.9217013604343,
    "sentKBytesPerSec" : 5776.931761891453
  },
  "user2role-role3" : {
    "transaction" : "user2role-role3",
    "sampleCount" : 2630542,
    "errorCount" : 0,
    "errorPct" : 0.0,
    "meanResTime" : 52.03197325874188,
    "medianResTime" : 12.0,
    "minResTime" : 0.0,
    "maxResTime" : 4542.0,
    "pct1ResTime" : 25.0,
    "pct2ResTime" : 39.0,
    "pct3ResTime" : 61.0,
    "throughput" : 8715.598701212644,
    "receivedKBytesPerSec" : 1027.4320489550892,
    "sentKBytesPerSec" : 2200.838590933752
  }
}