{
  "Total" : {
    "transaction" : "Total",
    "sampleCount" : 277637,
    "errorCount" : 0,
    "errorPct" : 0.0,
    "meanResTime" : 323.9173921343341,
    "medianResTime" : 329.0,
    "minResTime" : 18.0,
    "maxResTime" : 2434.0,
    "pct1ResTime" : 500.90000000000146,
    "pct2ResTime" : 621.0,
    "pct3ResTime" : 791.0,
    "throughput" : 462.54177481749025,
    "receivedKBytesPerSec" : 137.18969937333608,
    "sentKBytesPerSec" : 71.82045136326265
  },
  "AuthzRequest-rcdn-2" : {
    "transaction" : "AuthzRequest-rcdn-2",
    "sampleCount" : 277637,
    "errorCount" : 0,
    "errorPct" : 0.0,
    "meanResTime" : 323.9173921343341,
    "medianResTime" : 329.0,
    "minResTime" : 18.0,
    "maxResTime" : 2434.0,
    "pct1ResTime" : 500.90000000000146,
    "pct2ResTime" : 621.0,
    "pct3ResTime" : 791.0,
    "throughput" : 462.54177481749025,
    "receivedKBytesPerSec" : 137.18969937333608,
    "sentKBytesPerSec" : 71.82045136326265
  }
}