{
  "Total" : {
    "transaction" : "Total",
    "sampleCount" : 898313,
    "errorCount" : 0,
    "errorPct" : 0.0,
    "meanResTime" : 473.6433091806541,
    "medianResTime" : 578.0,
    "minResTime" : 7.0,
    "maxResTime" : 3080.0,
    "pct1ResTime" : 1103.0,
    "pct2ResTime" : 1260.0,
    "pct3ResTime" : 1392.0,
    "throughput" : 995.1522617424163,
    "receivedKBytesPerSec" : 7700.997330311506,
    "sentKBytesPerSec" : 161.2033136637452
  },
  "AuthzUser" : {
    "transaction" : "AuthzUser",
    "sampleCount" : 898313,
    "errorCount" : 0,
    "errorPct" : 0.0,
    "meanResTime" : 473.6433091806541,
    "medianResTime" : 578.0,
    "minResTime" : 7.0,
    "maxResTime" : 3080.0,
    "pct1ResTime" : 1103.0,
    "pct2ResTime" : 1260.0,
    "pct3ResTime" : 1392.0,
    "throughput" : 995.1522617424163,
    "receivedKBytesPerSec" : 7700.997330311506,
    "sentKBytesPerSec" : 161.2033136637452
  }
}