{
  "Total" : {
    "transaction" : "Total",
    "sampleCount" : 222059,
    "errorCount" : 0,
    "errorPct" : 0.0,
    "meanResTime" : 810.6736047627005,
    "medianResTime" : 827.0,
    "minResTime" : 90.0,
    "maxResTime" : 1126.0,
    "pct1ResTime" : 883.0,
    "pct2ResTime" : 897.0,
    "pct3ResTime" : 921.0,
    "throughput" : 369.591992303877,
    "receivedKBytesPerSec" : 2821.3873084369206,
    "sentKBytesPerSec" : 57.026889437512274
  },
  "AuthzRequest-rcdn-2" : {
    "transaction" : "AuthzRequest-rcdn-2",
    "sampleCount" : 222059,
    "errorCount" : 0,
    "errorPct" : 0.0,
    "meanResTime" : 810.6736047627005,
    "medianResTime" : 827.0,
    "minResTime" : 90.0,
    "maxResTime" : 1126.0,
    "pct1ResTime" : 883.0,
    "pct2ResTime" : 897.0,
    "pct3ResTime" : 921.0,
    "throughput" : 369.591992303877,
    "receivedKBytesPerSec" : 2821.3873084369206,
    "sentKBytesPerSec" : 57.026889437512274
  }
}