{
  "Total" : {
    "transaction" : "Total",
    "sampleCount" : 5928927,
    "errorCount" : 0,
    "errorPct" : 0.0,
    "meanResTime" : 30.033987600116006,
    "medianResTime" : 13.0,
    "minResTime" : 1.0,
    "maxResTime" : 2036.0,
    "pct1ResTime" : 25.0,
    "pct2ResTime" : 28.0,
    "pct3ResTime" : 48.9900000000016,
    "throughput" : 19699.198931465613,
    "receivedKBytesPerSec" : 2322.186282724073,
    "sentKBytesPerSec" : 4978.907047543508
  },
  "user2role" : {
    "transaction" : "user2role",
    "sampleCount" : 5928927,
    "errorCount" : 0,
    "errorPct" : 0.0,
    "meanResTime" : 30.033987600116006,
    "medianResTime" : 13.0,
    "minResTime" : 1.0,
    "maxResTime" : 2036.0,
    "pct1ResTime" : 25.0,
    "pct2ResTime" : 28.0,
    "pct3ResTime" : 48.9900000000016,
    "throughput" : 19699.198931465613,
    "receivedKBytesPerSec" : 2322.186282724073,
    "sentKBytesPerSec" : 4978.907047543508
  }
}