{
  "user2role-role1" : {
    "transaction" : "user2role-role1",
    "sampleCount" : 2595633,
    "errorCount" : 0,
    "errorPct" : 0.0,
    "meanResTime" : 51.586928121194276,
    "medianResTime" : 30.0,
    "minResTime" : 1.0,
    "maxResTime" : 7331.0,
    "pct1ResTime" : 79.0,
    "pct2ResTime" : 106.0,
    "pct3ResTime" : 238.0,
    "throughput" : 8457.447744416024,
    "receivedKBytesPerSec" : 996.9979990499911,
    "sentKBytesPerSec" : 2135.604115458163
  },
  "user2role-role2" : {
    "transaction" : "user2role-role2",
    "sampleCount" : 2718472,
    "errorCount" : 0,
    "errorPct" : 0.0,
    "meanResTime" : 50.16242837888514,
    "medianResTime" : 20.0,
    "minResTime" : 0.0,
    "maxResTime" : 4711.0,
    "pct1ResTime" : 60.0,
    "pct2ResTime" : 80.0,
    "pct3ResTime" : 160.0,
    "throughput" : 8572.079046198574,
    "receivedKBytesPerSec" : 1010.5099170620738,
    "sentKBytesPerSec" : 2164.7117782162577
  },
  "Total" : {
    "transaction" : "Total",
    "sampleCount" : 8152408,
    "errorCount" : 0,
    "errorPct" : 0.0,
    "meanResTime" : 50.15239374672951,
    "medianResTime" : 15.0,
    "minResTime" : 0.0,
    "maxResTime" : 7331.0,
    "pct1ResTime" : 28.0,
    "pct2ResTime" : 45.0,
    "pct3ResTime" : 85.0,
    "throughput" : 24654.733066596506,
    "receivedKBytesPerSec" : 2906.395983930391,
    "sentKBytesPerSec" : 6226.069503731896
  },
  "user2role-role3" : {
    "transaction" : "user2role-role3",
    "sampleCount" : 2838303,
    "errorCount" : 0,
    "errorPct" : 0.0,
    "meanResTime" : 48.830898603846656,
    "medianResTime" : 15.0,
    "minResTime" : 0.0,
    "maxResTime" : 6883.0,
    "pct1ResTime" : 28.0,
    "pct2ResTime" : 45.0,
    "pct3ResTime" : 85.0,
    "throughput" : 9240.109775630592,
    "receivedKBytesPerSec" : 1089.2591897312416,
    "sentKBytesPerSec" : 2333.5656515578
  }
}