{
  "Total" : {
    "transaction" : "Total",
    "sampleCount" : 6238718,
    "errorCount" : 39,
    "errorPct" : 6.2512845E-4,
    "meanResTime" : 1112.6347355337984,
    "medianResTime" : 41.0,
    "minResTime" : 4.0,
    "maxResTime" : 61345.0,
    "pct1ResTime" : 847.0,
    "pct2ResTime" : 5786.0,
    "pct3ResTime" : 9060.990000000002,
    "throughput" : 6464.376453229329,
    "receivedKBytesPerSec" : 612.3561560387507,
    "sentKBytesPerSec" : 1651.722699267272
  },
  "user2role" : {
    "transaction" : "user2role",
    "sampleCount" : 6238718,
    "errorCount" : 39,
    "errorPct" : 6.2512845E-4,
    "meanResTime" : 1112.6347355337984,
    "medianResTime" : 41.0,
    "minResTime" : 4.0,
    "maxResTime" : 61345.0,
    "pct1ResTime" : 847.0,
    "pct2ResTime" : 5786.0,
    "pct3ResTime" : 9060.990000000002,
    "throughput" : 6464.376453229329,
    "receivedKBytesPerSec" : 612.3561560387507,
    "sentKBytesPerSec" : 1651.722699267272
  }
}