{
  "Total" : {
    "transaction" : "Total",
    "sampleCount" : 607557,
    "errorCount" : 0,
    "errorPct" : 0.0,
    "meanResTime" : 296.0836892670133,
    "medianResTime" : 283.0,
    "minResTime" : 72.0,
    "maxResTime" : 498.0,
    "pct1ResTime" : 332.0,
    "pct2ResTime" : 345.0,
    "pct3ResTime" : 366.0,
    "throughput" : 1012.3115527652258,
    "receivedKBytesPerSec" : 7851.062923084662,
    "sentKBytesPerSec" : 156.19650911807193
  },
  "AuthzRequest-rcdn-2" : {
    "transaction" : "AuthzRequest-rcdn-2",
    "sampleCount" : 607557,
    "errorCount" : 0,
    "errorPct" : 0.0,
    "meanResTime" : 296.0836892670133,
    "medianResTime" : 283.0,
    "minResTime" : 72.0,
    "maxResTime" : 498.0,
    "pct1ResTime" : 332.0,
    "pct2ResTime" : 345.0,
    "pct3ResTime" : 366.0,
    "throughput" : 1012.3115527652258,
    "receivedKBytesPerSec" : 7851.062923084662,
    "sentKBytesPerSec" : 156.19650911807193
  }
}