{
  "Total" : {
    "transaction" : "Total",
    "sampleCount" : 890172,
    "errorCount" : 0,
    "errorPct" : 0.0,
    "meanResTime" : 26.115014851062117,
    "medianResTime" : 20.0,
    "minResTime" : 4.0,
    "maxResTime" : 7961.0,
    "pct1ResTime" : 122.0,
    "pct2ResTime" : 151.0,
    "pct3ResTime" : 156.0,
    "throughput" : 988.9360548631255,
    "receivedKBytesPerSec" : 7714.426640573705,
    "sentKBytesPerSec" : 161.16102453941426
  },
  "AuthzUser" : {
    "transaction" : "AuthzUser",
    "sampleCount" : 890172,
    "errorCount" : 0,
    "errorPct" : 0.0,
    "meanResTime" : 26.115014851062117,
    "medianResTime" : 20.0,
    "minResTime" : 4.0,
    "maxResTime" : 7961.0,
    "pct1ResTime" : 122.0,
    "pct2ResTime" : 151.0,
    "pct3ResTime" : 156.0,
    "throughput" : 988.9360548631255,
    "receivedKBytesPerSec" : 7714.426640573705,
    "sentKBytesPerSec" : 161.16102453941426
  }
}