{
  "Total" : {
    "transaction" : "Total",
    "sampleCount" : 2357444,
    "errorCount" : 0,
    "errorPct" : 0.0,
    "meanResTime" : 3125.6319437492825,
    "medianResTime" : 1438.0,
    "minResTime" : 1.0,
    "maxResTime" : 14621.0,
    "pct1ResTime" : 2307.0,
    "pct2ResTime" : 3912.9500000000007,
    "pct3ResTime" : 4998.990000000002,
    "throughput" : 3826.1623207787866,
    "receivedKBytesPerSec" : 280.23649810391504,
    "sentKBytesPerSec" : 995.880862678085
  },
  "user2role" : {
    "transaction" : "user2role",
    "sampleCount" : 2357444,
    "errorCount" : 0,
    "errorPct" : 0.0,
    "meanResTime" : 3125.6319437492825,
    "medianResTime" : 1438.0,
    "minResTime" : 1.0,
    "maxResTime" : 14621.0,
    "pct1ResTime" : 2307.0,
    "pct2ResTime" : 3912.9500000000007,
    "pct3ResTime" : 4998.990000000002,
    "throughput" : 3826.1623207787866,
    "receivedKBytesPerSec" : 280.23649810391504,
    "sentKBytesPerSec" : 995.880862678085
  }
}