{
  "Total" : {
    "transaction" : "Total",
    "sampleCount" : 913854,
    "errorCount" : 0,
    "errorPct" : 0.0,
    "meanResTime" : 394.2894204107219,
    "medianResTime" : 626.0,
    "minResTime" : 4.0,
    "maxResTime" : 12917.0,
    "pct1ResTime" : 1441.9900000000016,
    "pct2ResTime" : 1840.9990000000034,
    "pct3ResTime" : 2288.0,
    "throughput" : 983.6773883821411,
    "receivedKBytesPerSec" : 7674.303154059582,
    "sentKBytesPerSec" : 160.30715804382962
  },
  "AuthzUser" : {
    "transaction" : "AuthzUser",
    "sampleCount" : 913854,
    "errorCount" : 0,
    "errorPct" : 0.0,
    "meanResTime" : 394.2894204107219,
    "medianResTime" : 626.0,
    "minResTime" : 4.0,
    "maxResTime" : 12917.0,
    "pct1ResTime" : 1441.9900000000016,
    "pct2ResTime" : 1840.9990000000034,
    "pct3ResTime" : 2288.0,
    "throughput" : 983.6773883821411,
    "receivedKBytesPerSec" : 7674.303154059582,
    "sentKBytesPerSec" : 160.30715804382962
  }
}