{
  "Total" : {
    "transaction" : "Total",
    "sampleCount" : 3942035,
    "errorCount" : 0,
    "errorPct" : 0.0,
    "meanResTime" : 22.456029436572294,
    "medianResTime" : 8.0,
    "minResTime" : 1.0,
    "maxResTime" : 1088.0,
    "pct1ResTime" : 17.0,
    "pct2ResTime" : 139.0,
    "pct3ResTime" : 406.0,
    "throughput" : 13137.270258110742,
    "receivedKBytesPerSec" : 1548.647841795736,
    "sentKBytesPerSec" : 3319.189569473489
  },
  "user2role" : {
    "transaction" : "user2role",
    "sampleCount" : 3942035,
    "errorCount" : 0,
    "errorPct" : 0.0,
    "meanResTime" : 22.456029436572294,
    "medianResTime" : 8.0,
    "minResTime" : 1.0,
    "maxResTime" : 1088.0,
    "pct1ResTime" : 17.0,
    "pct2ResTime" : 139.0,
    "pct3ResTime" : 406.0,
    "throughput" : 13137.270258110742,
    "receivedKBytesPerSec" : 1548.647841795736,
    "sentKBytesPerSec" : 3319.189569473489
  }
}