{
  "Total" : {
    "transaction" : "Total",
    "sampleCount" : 6280209,
    "errorCount" : 0,
    "errorPct" : 0.0,
    "meanResTime" : 52.48050773469758,
    "medianResTime" : 3.0,
    "minResTime" : 1.0,
    "maxResTime" : 3189.0,
    "pct1ResTime" : 5.0,
    "pct2ResTime" : 7.0,
    "pct3ResTime" : 13.0,
    "throughput" : 19052.413629910083,
    "receivedKBytesPerSec" : 2245.963613954594,
    "sentKBytesPerSec" : 4815.629246619485
  },
  "user2role" : {
    "transaction" : "user2role",
    "sampleCount" : 6280209,
    "errorCount" : 0,
    "errorPct" : 0.0,
    "meanResTime" : 52.48050773469758,
    "medianResTime" : 3.0,
    "minResTime" : 1.0,
    "maxResTime" : 3189.0,
    "pct1ResTime" : 5.0,
    "pct2ResTime" : 7.0,
    "pct3ResTime" : 13.0,
    "throughput" : 19052.413629910083,
    "receivedKBytesPerSec" : 2245.963613954594,
    "sentKBytesPerSec" : 4815.629246619485
  }
}