{
  "Total" : {
    "transaction" : "Total",
    "sampleCount" : 1033379,
    "errorCount" : 0,
    "errorPct" : 0.0,
    "meanResTime" : 348.1962484238666,
    "medianResTime" : 338.0,
    "minResTime" : 45.0,
    "maxResTime" : 1987.0,
    "pct1ResTime" : 390.0,
    "pct2ResTime" : 412.0,
    "pct3ResTime" : 471.0,
    "throughput" : 1721.6900028656542,
    "receivedKBytesPerSec" : 13352.718429462215,
    "sentKBytesPerSec" : 265.6513871609115
  },
  "AuthzRequest-rcdn-3" : {
    "transaction" : "AuthzRequest-rcdn-3",
    "sampleCount" : 530238,
    "errorCount" : 0,
    "errorPct" : 0.0,
    "meanResTime" : 339.2564546486659,
    "medianResTime" : 337.0,
    "minResTime" : 76.0,
    "maxResTime" : 1987.0,
    "pct1ResTime" : 382.0,
    "pct2ResTime" : 396.0,
    "pct3ResTime" : 436.9800000000032,
    "throughput" : 883.4266901697084,
    "receivedKBytesPerSec" : 6851.4925370414485,
    "sentKBytesPerSec" : 136.30997758477923
  },
  "AuthzRequest-rcdn-2" : {
    "transaction" : "AuthzRequest-rcdn-2",
    "sampleCount" : 503141,
    "errorCount" : 0,
    "errorPct" : 0.0,
    "meanResTime" : 357.6175008596048,
    "medianResTime" : 353.0,
    "minResTime" : 45.0,
    "maxResTime" : 1402.0,
    "pct1ResTime" : 400.0,
    "pct2ResTime" : 416.0,
    "pct3ResTime" : 456.0,
    "throughput" : 838.2763337437459,
    "receivedKBytesPerSec" : 6501.326878298852,
    "sentKBytesPerSec" : 129.34341868311705
  }
}