{
  "user2role-role1" : {
    "transaction" : "user2role-role1",
    "sampleCount" : 2496002,
    "errorCount" : 0,
    "errorPct" : 0.0,
    "meanResTime" : 71.79797772598039,
    "medianResTime" : 29.0,
    "minResTime" : 1.0,
    "maxResTime" : 22589.0,
    "pct1ResTime" : 121.0,
    "pct2ResTime" : 181.95000000000073,
    "pct3ResTime" : 505.9900000000016,
    "throughput" : 8148.002337325721,
    "receivedKBytesPerSec" : 960.5291125945865,
    "sentKBytesPerSec" : 2057.3295836862985
  },
  "user2role-role2" : {
    "transaction" : "user2role-role2",
    "sampleCount" : 2526378,
    "errorCount" : 0,
    "errorPct" : 0.0,
    "meanResTime" : 71.18988409494064,
    "medianResTime" : 13.0,
    "minResTime" : 0.0,
    "maxResTime" : 37262.0,
    "pct1ResTime" : 45.0,
    "pct2ResTime" : 63.0,
    "pct3ResTime" : 124.0,
    "throughput" : 8235.065176362445,
    "receivedKBytesPerSec" : 970.7931882786448,
    "sentKBytesPerSec" : 2079.355556034314
  },
  "Total" : {
    "transaction" : "Total",
    "sampleCount" : 7653420,
    "errorCount" : 0,
    "errorPct" : 0.0,
    "meanResTime" : 70.71303273569468,
    "medianResTime" : 18.0,
    "minResTime" : 0.0,
    "maxResTime" : 37262.0,
    "pct1ResTime" : 28.0,
    "pct2ResTime" : 56.0,
    "pct3ResTime" : 72.0,
    "throughput" : 24187.30623247994,
    "receivedKBytesPerSec" : 2851.3271482615833,
    "sentKBytesPerSec" : 6107.400351448062
  },
  "user2role-role3" : {
    "transaction" : "user2role-role3",
    "sampleCount" : 2631040,
    "errorCount" : 0,
    "errorPct" : 0.0,
    "meanResTime" : 69.22589014229442,
    "medianResTime" : 18.0,
    "minResTime" : 1.0,
    "maxResTime" : 17861.0,
    "pct1ResTime" : 28.0,
    "pct2ResTime" : 56.0,
    "pct3ResTime" : 72.0,
    "throughput" : 8626.360655737704,
    "receivedKBytesPerSec" : 1016.9209144467213,
    "sentKBytesPerSec" : 2178.3051229508196
  }
}