{
  "Total" : {
    "transaction" : "Total",
    "sampleCount" : 10414046,
    "errorCount" : 1,
    "errorPct" : 9.602416E-6,
    "meanResTime" : 272.99934146630903,
    "medianResTime" : 7.0,
    "minResTime" : 1.0,
    "maxResTime" : 16021.0,
    "pct1ResTime" : 19.0,
    "pct2ResTime" : 24.0,
    "pct3ResTime" : 34.9900000000016,
    "throughput" : 15806.68692455505,
    "receivedKBytesPerSec" : 1497.1903539830732,
    "sentKBytesPerSec" : 4040.995169952629
  },
  "user2role" : {
    "transaction" : "user2role",
    "sampleCount" : 10414046,
    "errorCount" : 1,
    "errorPct" : 9.602416E-6,
    "meanResTime" : 272.99934146630903,
    "medianResTime" : 7.0,
    "minResTime" : 1.0,
    "maxResTime" : 16021.0,
    "pct1ResTime" : 19.0,
    "pct2ResTime" : 24.0,
    "pct3ResTime" : 34.9900000000016,
    "throughput" : 15806.68692455505,
    "receivedKBytesPerSec" : 1497.1903539830732,
    "sentKBytesPerSec" : 4040.995169952629
  }
}