{
  "Total" : {
    "transaction" : "Total",
    "sampleCount" : 909719,
    "errorCount" : 0,
    "errorPct" : 0.0,
    "meanResTime" : 684.6947233156781,
    "medianResTime" : 240.0,
    "minResTime" : 5.0,
    "maxResTime" : 6792.0,
    "pct1ResTime" : 3527.0,
    "pct2ResTime" : 3563.9990000000034,
    "pct3ResTime" : 4128.945399999393,
    "throughput" : 999.9923053754646,
    "receivedKBytesPerSec" : 7745.029224244099,
    "sentKBytesPerSec" : 161.98885987545975
  },
  "AuthzUser" : {
    "transaction" : "AuthzUser",
    "sampleCount" : 909719,
    "errorCount" : 0,
    "errorPct" : 0.0,
    "meanResTime" : 684.6947233156781,
    "medianResTime" : 240.0,
    "minResTime" : 5.0,
    "maxResTime" : 6792.0,
    "pct1ResTime" : 3527.0,
    "pct2ResTime" : 3563.9990000000034,
    "pct3ResTime" : 4128.945399999393,
    "throughput" : 999.9923053754646,
    "receivedKBytesPerSec" : 7745.029224244099,
    "sentKBytesPerSec" : 161.98885987545975
  }
}