{
  "user2role-role1" : {
    "transaction" : "user2role-role1",
    "sampleCount" : 7484702,
    "errorCount" : 0,
    "errorPct" : 0.0,
    "meanResTime" : 60.05748445293968,
    "medianResTime" : 8.0,
    "minResTime" : 0.0,
    "maxResTime" : 16518.0,
    "pct1ResTime" : 34.900000000001455,
    "pct2ResTime" : 69.95000000000073,
    "pct3ResTime" : 294.0,
    "throughput" : 12161.664776401693,
    "receivedKBytesPerSec" : 1436.1286481369245,
    "sentKBytesPerSec" : 3074.282986300115
  },
  "user2role-role2" : {
    "transaction" : "user2role-role2",
    "sampleCount" : 7749116,
    "errorCount" : 0,
    "errorPct" : 0.0,
    "meanResTime" : 43.374925088235265,
    "medianResTime" : 49.0,
    "minResTime" : 0.0,
    "maxResTime" : 25565.0,
    "pct1ResTime" : 308.0,
    "pct2ResTime" : 22514.0,
    "pct3ResTime" : 22650.0,
    "throughput" : 12295.65620279516,
    "receivedKBytesPerSec" : 1451.8035682197192,
    "sentKBytesPerSec" : 3108.2147935700664
  },
  "Total" : {
    "transaction" : "Total",
    "sampleCount" : 23089978,
    "errorCount" : 0,
    "errorPct" : 0.0,
    "meanResTime" : 47.76571554118404,
    "medianResTime" : 7.0,
    "minResTime" : 0.0,
    "maxResTime" : 25615.0,
    "pct1ResTime" : 12.0,
    "pct2ResTime" : 17.0,
    "pct3ResTime" : 68.0,
    "throughput" : 34071.14072766818,
    "receivedKBytesPerSec" : 4023.0272509209476,
    "sentKBytesPerSec" : 8612.799683077406
  },
  "user2role-role3" : {
    "transaction" : "user2role-role3",
    "sampleCount" : 7856160,
    "errorCount" : 0,
    "errorPct" : 0.0,
    "meanResTime" : 40.38609460601414,
    "medianResTime" : 7.0,
    "minResTime" : 0.0,
    "maxResTime" : 25615.0,
    "pct1ResTime" : 12.0,
    "pct2ResTime" : 17.0,
    "pct3ResTime" : 68.0,
    "throughput" : 12168.660142563731,
    "receivedKBytesPerSec" : 1436.7680598974064,
    "sentKBytesPerSec" : 3076.134718775848
  }
}