{
  "Total" : {
    "transaction" : "Total",
    "sampleCount" : 8998948,
    "errorCount" : 0,
    "errorPct" : 0.0,
    "meanResTime" : 308.5337858380749,
    "medianResTime" : 13.0,
    "minResTime" : 1.0,
    "maxResTime" : 8172.0,
    "pct1ResTime" : 28.0,
    "pct2ResTime" : 35.0,
    "pct3ResTime" : 49.0,
    "throughput" : 14157.481058222367,
    "receivedKBytesPerSec" : 1340.8286933688637,
    "sentKBytesPerSec" : 3618.910133438059
  },
  "user2role" : {
    "transaction" : "user2role",
    "sampleCount" : 8998948,
    "errorCount" : 0,
    "errorPct" : 0.0,
    "meanResTime" : 308.5337858380749,
    "medianResTime" : 13.0,
    "minResTime" : 1.0,
    "maxResTime" : 8172.0,
    "pct1ResTime" : 28.0,
    "pct2ResTime" : 35.0,
    "pct3ResTime" : 49.0,
    "throughput" : 14157.481058222367,
    "receivedKBytesPerSec" : 1340.8286933688637,
    "sentKBytesPerSec" : 3618.910133438059
  }
}