{
  "user2role-role1" : {
    "transaction" : "user2role-role1",
    "sampleCount" : 7940177,
    "errorCount" : 0,
    "errorPct" : 0.0,
    "meanResTime" : 43.11060559481636,
    "medianResTime" : 5.0,
    "minResTime" : 0.0,
    "maxResTime" : 3951.0,
    "pct1ResTime" : 31.0,
    "pct2ResTime" : 48.0,
    "pct3ResTime" : 142.0,
    "throughput" : 13027.468642072536,
    "receivedKBytesPerSec" : 1538.1591394310044,
    "sentKBytesPerSec" : 3293.2533077460644
  },
  "user2role-role2" : {
    "transaction" : "user2role-role2",
    "sampleCount" : 8074970,
    "errorCount" : 0,
    "errorPct" : 0.0,
    "meanResTime" : 28.246675096007714,
    "medianResTime" : 3.0,
    "minResTime" : 0.0,
    "maxResTime" : 26508.0,
    "pct1ResTime" : 43.0,
    "pct2ResTime" : 1351.0,
    "pct3ResTime" : 26023.0,
    "throughput" : 12577.325528872663,
    "receivedKBytesPerSec" : 1484.884007265185,
    "sentKBytesPerSec" : 3179.488955543662
  },
  "Total" : {
    "transaction" : "Total",
    "sampleCount" : 24242803,
    "errorCount" : 0,
    "errorPct" : 0.0,
    "meanResTime" : 33.602206972518445,
    "medianResTime" : 3.0,
    "minResTime" : 0.0,
    "maxResTime" : 26562.0,
    "pct1ResTime" : 5.0,
    "pct2ResTime" : 5.0,
    "pct3ResTime" : 9.0,
    "throughput" : 35637.03088479574,
    "receivedKBytesPerSec" : 4207.339162839296,
    "sentKBytesPerSec" : 9008.8779446603
  },
  "user2role-role3" : {
    "transaction" : "user2role-role3",
    "sampleCount" : 8227656,
    "errorCount" : 0,
    "errorPct" : 0.0,
    "meanResTime" : 29.68218299355212,
    "medianResTime" : 3.0,
    "minResTime" : 0.0,
    "maxResTime" : 26562.0,
    "pct1ResTime" : 5.0,
    "pct2ResTime" : 5.0,
    "pct3ResTime" : 9.0,
    "throughput" : 12687.36699913029,
    "receivedKBytesPerSec" : 1497.7704705204537,
    "sentKBytesPerSec" : 3207.3385615204197
  }
}