{
  "Total" : {
    "transaction" : "Total",
    "sampleCount" : 896683,
    "errorCount" : 0,
    "errorPct" : 0.0,
    "meanResTime" : 26.23823357864494,
    "medianResTime" : 21.0,
    "minResTime" : 4.0,
    "maxResTime" : 215.0,
    "pct1ResTime" : 122.0,
    "pct2ResTime" : 144.0,
    "pct3ResTime" : 151.0,
    "throughput" : 996.1771933644698,
    "receivedKBytesPerSec" : 7708.65191321036,
    "sentKBytesPerSec" : 162.34195146307619
  },
  "AuthzUser" : {
    "transaction" : "AuthzUser",
    "sampleCount" : 896683,
    "errorCount" : 0,
    "errorPct" : 0.0,
    "meanResTime" : 26.23823357864494,
    "medianResTime" : 21.0,
    "minResTime" : 4.0,
    "maxResTime" : 215.0,
    "pct1ResTime" : 122.0,
    "pct2ResTime" : 144.0,
    "pct3ResTime" : 151.0,
    "throughput" : 996.1771933644698,
    "receivedKBytesPerSec" : 7708.65191321036,
    "sentKBytesPerSec" : 162.34195146307619
  }
}