{
  "Total" : {
    "transaction" : "Total",
    "sampleCount" : 4798699,
    "errorCount" : 0,
    "errorPct" : 0.0,
    "meanResTime" : 174.6283542685252,
    "medianResTime" : 88.0,
    "minResTime" : 0.0,
    "maxResTime" : 4143.0,
    "pct1ResTime" : 204.0,
    "pct2ResTime" : 326.0,
    "pct3ResTime" : 420.0,
    "throughput" : 14532.132290370155,
    "receivedKBytesPerSec" : 1713.2633306948846,
    "sentKBytesPerSec" : 3672.3217316597543
  },
  "user2role" : {
    "transaction" : "user2role",
    "sampleCount" : 4798699,
    "errorCount" : 0,
    "errorPct" : 0.0,
    "meanResTime" : 174.6283542685252,
    "medianResTime" : 88.0,
    "minResTime" : 0.0,
    "maxResTime" : 4143.0,
    "pct1ResTime" : 204.0,
    "pct2ResTime" : 326.0,
    "pct3ResTime" : 420.0,
    "throughput" : 14532.132290370155,
    "receivedKBytesPerSec" : 1713.2633306948846,
    "sentKBytesPerSec" : 3672.3217316597543
  }
}