{
  "Total" : {
    "transaction" : "Total",
    "sampleCount" : 898225,
    "errorCount" : 0,
    "errorPct" : 0.0,
    "meanResTime" : 91.05583790253012,
    "medianResTime" : 27.0,
    "minResTime" : 4.0,
    "maxResTime" : 1070.0,
    "pct1ResTime" : 417.0,
    "pct2ResTime" : 442.0,
    "pct3ResTime" : 445.9998999999989,
    "throughput" : 996.5252391671669,
    "receivedKBytesPerSec" : 7711.953638245238,
    "sentKBytesPerSec" : 162.3988777303277
  },
  "AuthzUser" : {
    "transaction" : "AuthzUser",
    "sampleCount" : 898225,
    "errorCount" : 0,
    "errorPct" : 0.0,
    "meanResTime" : 91.05583790253012,
    "medianResTime" : 27.0,
    "minResTime" : 4.0,
    "maxResTime" : 1070.0,
    "pct1ResTime" : 417.0,
    "pct2ResTime" : 442.0,
    "pct3ResTime" : 445.9998999999989,
    "throughput" : 996.5252391671669,
    "receivedKBytesPerSec" : 7711.953638245238,
    "sentKBytesPerSec" : 162.3988777303277
  }
}