{
  "Total" : {
    "transaction" : "Total",
    "sampleCount" : 897305,
    "errorCount" : 0,
    "errorPct" : 0.0,
    "meanResTime" : 71.04473618223449,
    "medianResTime" : 63.0,
    "minResTime" : 6.0,
    "maxResTime" : 330.0,
    "pct1ResTime" : 95.0,
    "pct2ResTime" : 113.0,
    "pct3ResTime" : 164.0,
    "throughput" : 996.894789467837,
    "receivedKBytesPerSec" : 7714.204736800078,
    "sentKBytesPerSec" : 161.48544801445672
  },
  "AuthzUser" : {
    "transaction" : "AuthzUser",
    "sampleCount" : 897305,
    "errorCount" : 0,
    "errorPct" : 0.0,
    "meanResTime" : 71.04473618223449,
    "medianResTime" : 63.0,
    "minResTime" : 6.0,
    "maxResTime" : 330.0,
    "pct1ResTime" : 95.0,
    "pct2ResTime" : 113.0,
    "pct3ResTime" : 164.0,
    "throughput" : 996.894789467837,
    "receivedKBytesPerSec" : 7714.204736800078,
    "sentKBytesPerSec" : 161.48544801445672
  }
}